Series Name,Series Code,Country Name,Country Code,1990 [YR1990],2000 [YR2000],2008 [YR2008],2009 [YR2009],2010 [YR2010],2011 [YR2011],2012 [YR2012],2013 [YR2013],2014 [YR2014],2015 [YR2015],2016 [YR2016],2017 [YR2017]
Urban population (% of total),SP.URB.TOTL.IN.ZS,Afghanistan,AFG,18.316,21.282,23.946,24.313,24.689,25.074,25.468,25.871,26.282,26.703,27.132,27.57
Urban population (% of total),SP.URB.TOTL.IN.ZS,Albania,ALB,36.428,41.741,49.991,51.076,52.163,53.247,54.33,55.383,56.409,57.407,58.376,59.316
Urban population (% of total),SP.URB.TOTL.IN.ZS,Algeria,DZA,52.085,59.919,66.097,66.822,67.526,68.209,68.87,69.51,70.129,70.727,71.304,71.861
Urban population (% of total),SP.URB.TOTL.IN.ZS,American Samoa,ASM,80.948,88.587,87.799,87.697,87.594,87.5,87.413,87.334,87.264,87.202,87.148,87.103
Urban population (% of total),SP.URB.TOTL.IN.ZS,Andorra,AND,94.712,92.395,88.867,88.352,87.817,87.26,86.708,86.165,85.633,85.115,84.612,84.127
Urban population (% of total),SP.URB.TOTL.IN.ZS,Angola,AGO,25.582,32.419,38.509,39.299,40.097,40.9,41.699,42.49,43.274,44.05,44.819,45.578
Urban population (% of total),SP.URB.TOTL.IN.ZS,Antigua and Barbuda,ATG,35.426,32.127,27.406,26.819,26.239,25.667,25.135,24.643,24.19,23.773,23.393,23.047
Urban population (% of total),SP.URB.TOTL.IN.ZS,Argentina,ARG,86.984,89.142,90.622,90.795,90.966,91.133,91.295,91.452,91.604,91.751,91.893,92.03
Urban population (% of total),SP.URB.TOTL.IN.ZS,Armenia,ARM,67.421,64.666,63.997,63.789,63.58,63.371,63.161,62.975,62.812,62.673,62.558,62.467
Urban population (% of total),SP.URB.TOTL.IN.ZS,Aruba,ABW,50.319,46.717,43.783,43.421,43.059,42.698,42.364,42.058,41.779,41.528,41.304,41.107
Urban population (% of total),SP.URB.TOTL.IN.ZS,Australia,AUS,85.4,87.165,88.445,88.59,88.733,88.875,89.015,89.153,89.289,89.423,89.554,89.683
Urban population (% of total),SP.URB.TOTL.IN.ZS,Austria,AUT,65.765,65.8,65.841,65.847,65.852,65.858,65.864,65.884,65.919,65.968,66.032,66.11
Urban population (% of total),SP.URB.TOTL.IN.ZS,Azerbaijan,AZE,53.749,51.386,52.99,53.19,53.401,53.623,53.856,54.1,54.355,54.62,54.895,55.181
Urban population (% of total),SP.URB.TOTL.IN.ZS,"Bahamas, The",BHS,79.838,82.009,82.442,82.495,82.549,82.606,82.667,82.732,82.801,82.874,82.951,83.031
Urban population (% of total),SP.URB.TOTL.IN.ZS,Bahrain,BHR,88.14,88.372,88.468,88.5,88.535,88.575,88.619,88.667,88.719,88.775,88.835,88.899
Urban population (% of total),SP.URB.TOTL.IN.ZS,Bangladesh,BGD,19.811,23.59,28.968,29.709,30.462,31.225,31.99,32.753,33.516,34.277,35.035,35.79
Urban population (% of total),SP.URB.TOTL.IN.ZS,Barbados,BRB,32.65,33.83,32.41,32.235,32.06,31.905,31.769,31.652,31.554,31.475,31.415,31.374
Urban population (% of total),SP.URB.TOTL.IN.ZS,Belarus,BLR,65.981,69.973,73.726,74.172,74.615,75.046,75.467,75.877,76.277,76.667,77.046,77.416
Urban population (% of total),SP.URB.TOTL.IN.ZS,Belgium,BEL,96.377,97.128,97.546,97.594,97.641,97.687,97.732,97.776,97.818,97.858,97.897,97.934
Urban population (% of total),SP.URB.TOTL.IN.ZS,Belize,BLZ,47.465,47.663,45.501,45.232,44.963,44.718,44.496,44.298,44.124,43.973,43.845,43.742
Urban population (% of total),SP.URB.TOTL.IN.ZS,Benin,BEN,34.485,38.333,41.078,41.461,41.854,42.256,42.667,43.086,43.514,43.95,44.395,44.847
Urban population (% of total),SP.URB.TOTL.IN.ZS,Bermuda,BMU,100,100,100,100,100,100,100,100,100,100,100,100
Urban population (% of total),SP.URB.TOTL.IN.ZS,Bhutan,BTN,16.388,25.418,33.236,34.01,34.793,35.585,36.368,37.139,37.898,38.644,39.377,40.095
Urban population (% of total),SP.URB.TOTL.IN.ZS,Bolivia,BOL,55.577,61.834,65.55,65.991,66.426,66.855,67.279,67.696,68.107,68.512,68.911,69.303
Urban population (% of total),SP.URB.TOTL.IN.ZS,Bosnia and Herzegovina,BIH,39.249,39.306,39.161,39.183,39.226,39.291,39.378,39.486,39.616,39.767,39.94,40.135
Urban population (% of total),SP.URB.TOTL.IN.ZS,Botswana,BWA,41.933,53.219,55.772,56.004,56.235,56.467,56.699,56.938,57.187,57.444,57.71,57.984
Urban population (% of total),SP.URB.TOTL.IN.ZS,Brazil,BRA,73.922,81.192,83.749,84.044,84.335,84.623,84.901,85.171,85.433,85.687,85.933,86.172
Urban population (% of total),SP.URB.TOTL.IN.ZS,British Virgin Islands,VGB,37.814,41.774,44.048,44.345,44.645,44.948,45.253,45.562,45.872,46.186,46.502,46.82
Urban population (% of total),SP.URB.TOTL.IN.ZS,Brunei Darussalam,BRN,65.833,71.164,74.746,75.134,75.51,75.872,76.223,76.561,76.887,77.202,77.505,77.797
Urban population (% of total),SP.URB.TOTL.IN.ZS,Bulgaria,BGR,66.377,68.899,71.622,71.963,72.302,72.638,72.971,73.3,73.626,73.948,74.266,74.581
Urban population (% of total),SP.URB.TOTL.IN.ZS,Burkina Faso,BFA,13.815,17.844,23.993,24.828,25.665,26.505,27.346,28.186,29.024,29.859,30.688,31.511
Urban population (% of total),SP.URB.TOTL.IN.ZS,Burundi,BDI,6.271,8.246,10.118,10.376,10.641,10.912,11.189,11.472,11.761,12.057,12.359,12.667
Urban population (% of total),SP.URB.TOTL.IN.ZS,Cabo Verde,CPV,44.12,53.435,60.194,61.016,61.833,62.624,63.389,64.127,64.84,65.526,66.187,66.823
Urban population (% of total),SP.URB.TOTL.IN.ZS,Cambodia,KHM,15.546,18.586,19.533,19.666,19.81,19.967,20.137,20.319,20.514,20.723,20.945,21.18
Urban population (% of total),SP.URB.TOTL.IN.ZS,Cameroon,CMR,39.657,45.542,50.337,50.928,51.516,52.099,52.677,53.25,53.819,54.381,54.938,55.489
Urban population (% of total),SP.URB.TOTL.IN.ZS,Canada,CAN,76.582,79.478,80.578,80.758,80.937,81.115,81.293,81.472,81.65,81.828,82.006,82.183
Urban population (% of total),SP.URB.TOTL.IN.ZS,Cayman Islands,CYM,100,100,100,100,100,100,100,100,100,100,100,100
Urban population (% of total),SP.URB.TOTL.IN.ZS,Central African Republic,CAF,36.825,37.639,38.47,38.64,38.828,39.034,39.258,39.5,39.759,40.037,40.332,40.646
Urban population (% of total),SP.URB.TOTL.IN.ZS,Chad,TCD,20.811,21.637,21.901,21.934,21.983,22.048,22.129,22.227,22.341,22.471,22.618,22.782
Urban population (% of total),SP.URB.TOTL.IN.ZS,Channel Islands,CHI,31.392,30.465,30.929,30.992,31.054,31.116,31.189,31.271,31.363,31.465,31.577,31.698
Urban population (% of total),SP.URB.TOTL.IN.ZS,Chile,CHL,83.271,86.073,88.155,88.375,88.586,88.79,88.986,89.175,89.356,89.53,89.697,89.857
Urban population (% of total),SP.URB.TOTL.IN.ZS,China,CHN,26.442,35.877,46.539,47.88,49.226,50.573,51.889,53.168,54.41,55.614,56.778,57.903
Urban population (% of total),SP.URB.TOTL.IN.ZS,Colombia,COL,68.276,72.075,74.46,74.749,75.036,75.321,75.603,75.883,76.161,76.436,76.708,76.978
Urban population (% of total),SP.URB.TOTL.IN.ZS,Comoros,COM,27.869,28.08,27.86,27.882,27.918,27.966,28.029,28.104,28.193,28.296,28.412,28.541
Urban population (% of total),SP.URB.TOTL.IN.ZS,"Congo, Dem. Rep.",COD,30.633,35.122,38.941,39.437,39.937,40.442,40.95,41.461,41.976,42.494,43.015,43.537
Urban population (% of total),SP.URB.TOTL.IN.ZS,"Congo, Rep.",COG,54.324,58.695,62.341,62.786,63.228,63.666,64.1,64.531,64.957,65.38,65.798,66.212
Urban population (% of total),SP.URB.TOTL.IN.ZS,Costa Rica,CRI,50.002,59.049,69.387,70.573,71.734,72.866,73.94,74.956,75.915,76.821,77.675,78.479
Urban population (% of total),SP.URB.TOTL.IN.ZS,Cote d'Ivoire,CIV,39.345,43.541,49.034,49.8,50.557,51.305,52.041,52.766,53.479,54.18,54.869,55.545
Urban population (% of total),SP.URB.TOTL.IN.ZS,Croatia,HRV,54.039,55.587,57.048,57.287,57.537,57.8,58.074,58.359,58.656,58.964,59.284,59.613
Urban population (% of total),SP.URB.TOTL.IN.ZS,Cuba,CUB,73.364,75.323,76.413,76.505,76.597,76.689,76.781,76.872,76.97,77.074,77.184,77.3
Urban population (% of total),SP.URB.TOTL.IN.ZS,Curacao,CUW,84.678,90.752,90.161,90.034,89.905,89.775,89.652,89.537,89.43,89.331,89.241,89.159
Urban population (% of total),SP.URB.TOTL.IN.ZS,Cyprus,CYP,66.776,68.648,67.839,67.695,67.551,67.406,67.261,67.133,67.019,66.921,66.84,66.774
Urban population (% of total),SP.URB.TOTL.IN.ZS,Czech Republic,CZE,75.22,73.988,73.394,73.324,73.255,73.185,73.115,73.06,73.019,72.992,72.98,72.983
Urban population (% of total),SP.URB.TOTL.IN.ZS,Denmark,DNK,84.843,85.1,86.487,86.654,86.795,86.957,87.142,87.324,87.502,87.676,87.847,88.015
Urban population (% of total),SP.URB.TOTL.IN.ZS,Djibouti,DJI,75.957,76.532,76.899,76.944,76.996,77.053,77.117,77.186,77.262,77.343,77.43,77.523
Urban population (% of total),SP.URB.TOTL.IN.ZS,Dominica,DMA,63.079,65.265,67.502,67.799,68.094,68.389,68.681,68.97,69.256,69.539,69.82,70.098
Urban population (% of total),SP.URB.TOTL.IN.ZS,Dominican Republic,DOM,55.226,61.746,71.297,72.541,73.752,74.929,76.039,77.082,78.061,78.98,79.841,80.647
Urban population (% of total),SP.URB.TOTL.IN.ZS,Ecuador,ECU,55.09,60.299,62.3,62.495,62.69,62.885,63.088,63.298,63.516,63.742,63.976,64.216
Urban population (% of total),SP.URB.TOTL.IN.ZS,"Egypt, Arab Rep.",EGY,43.478,42.797,43.058,43.039,43.019,43,43.002,43.025,43.069,43.135,43.222,43.33
Urban population (% of total),SP.URB.TOTL.IN.ZS,El Salvador,SLV,49.233,58.912,63.252,63.773,64.286,64.79,65.287,65.775,66.255,66.726,67.189,67.643
Urban population (% of total),SP.URB.TOTL.IN.ZS,Equatorial Guinea,GNQ,34.745,38.806,39.037,39.123,39.223,39.337,39.463,39.603,39.756,39.923,40.103,40.296
Urban population (% of total),SP.URB.TOTL.IN.ZS,Eritrea,ERI,15.8,17.555,19.854,20.206,20.572,20.954,..,..,..,..,..,..
Urban population (% of total),SP.URB.TOTL.IN.ZS,Estonia,EST,71.231,69.368,68.351,68.223,68.094,67.965,67.835,67.721,67.622,67.538,67.468,67.415
Urban population (% of total),SP.URB.TOTL.IN.ZS,Ethiopia,ETH,12.621,14.74,16.51,16.91,17.319,17.735,18.16,18.59,19.028,19.472,19.922,20.379
Urban population (% of total),SP.URB.TOTL.IN.ZS,Faroe Islands,FRO,30.594,36.337,40.536,40.731,40.926,41.122,41.323,41.53,41.743,41.962,42.187,42.417
Urban population (% of total),SP.URB.TOTL.IN.ZS,Fiji,FJI,41.611,47.908,51.051,51.44,51.828,52.214,52.596,52.976,53.354,53.728,54.099,54.468
Urban population (% of total),SP.URB.TOTL.IN.ZS,Finland,FIN,79.367,82.183,83.299,83.429,83.558,83.688,83.819,83.952,84.086,84.221,84.358,84.495
Urban population (% of total),SP.URB.TOTL.IN.ZS,France,FRA,74.056,75.871,77.864,78.106,78.345,78.584,78.82,79.055,79.289,79.52,79.75,79.978
Urban population (% of total),SP.URB.TOTL.IN.ZS,French Polynesia,PYF,57.86,56.071,56.738,56.608,56.479,56.349,56.218,56.089,55.976,55.88,55.802,55.741
Urban population (% of total),SP.URB.TOTL.IN.ZS,Gabon,GAB,69.143,80.082,84.896,85.313,85.697,86.047,86.367,86.658,86.92,87.156,87.366,87.55
Urban population (% of total),SP.URB.TOTL.IN.ZS,"Gambia, The",GMB,38.312,47.868,54.789,55.555,56.297,57.014,57.706,58.373,59.015,59.632,60.224,60.79
Urban population (% of total),SP.URB.TOTL.IN.ZS,Georgia,GEO,55.038,52.638,52.625,52.723,52.869,53.016,53.162,53.309,53.468,53.641,53.826,54.025
Urban population (% of total),SP.URB.TOTL.IN.ZS,Germany,DEU,73.118,73.067,73.895,74.093,74.291,74.488,74.688,74.89,75.094,75.301,75.51,75.721
Urban population (% of total),SP.URB.TOTL.IN.ZS,Ghana,GHA,36.441,43.929,49.351,50.031,50.713,51.394,52.069,52.735,53.392,54.042,54.682,55.313
Urban population (% of total),SP.URB.TOTL.IN.ZS,Gibraltar,GIB,100,100,100,100,100,100,100,100,100,100,100,100
Urban population (% of total),SP.URB.TOTL.IN.ZS,Greece,GRC,71.467,72.716,75.568,75.932,76.292,76.649,77,77.343,77.678,78.007,78.329,78.644
Urban population (% of total),SP.URB.TOTL.IN.ZS,Greenland,GRL,79.698,81.6,83.787,84.087,84.383,84.755,85.2,85.633,86.045,86.436,86.808,87.16
Urban population (% of total),SP.URB.TOTL.IN.ZS,Grenada,GRD,33.428,35.871,35.775,35.728,35.681,35.634,35.601,35.583,35.58,35.591,35.616,35.656
Urban population (% of total),SP.URB.TOTL.IN.ZS,Guam,GUM,90.796,93.129,93.916,94.008,94.099,94.187,94.273,94.356,94.437,94.516,94.593,94.667
Urban population (% of total),SP.URB.TOTL.IN.ZS,Guatemala,GTM,41.117,45.127,48.449,48.884,49.323,49.765,50.212,50.661,51.115,51.571,52.03,52.492
Urban population (% of total),SP.URB.TOTL.IN.ZS,Guinea,GIN,28.026,31.017,34.005,34.426,34.856,35.297,35.748,36.209,36.68,37.161,37.651,38.15
Urban population (% of total),SP.URB.TOTL.IN.ZS,Guinea-Bissau,GNB,28.131,36.654,43.468,44.342,45.221,46.081,46.924,47.747,48.55,49.332,50.094,50.834
Urban population (% of total),SP.URB.TOTL.IN.ZS,Guyana,GUY,29.583,28.694,28.218,28.221,28.239,28.271,28.319,28.382,28.459,28.553,28.661,28.784
Urban population (% of total),SP.URB.TOTL.IN.ZS,Haiti,HTI,28.51,35.6,48.98,50.523,52.016,53.456,54.841,56.168,57.436,58.645,59.794,60.883
Urban population (% of total),SP.URB.TOTL.IN.ZS,Honduras,HND,40.46,45.458,50.438,51.07,51.696,52.316,52.93,53.537,54.137,54.73,55.315,55.893
Urban population (% of total),SP.URB.TOTL.IN.ZS,"Hong Kong SAR, China",HKG,99.517,100,100,100,100,100,100,100,100,100,100,100
Urban population (% of total),SP.URB.TOTL.IN.ZS,Hungary,HUN,65.838,64.575,67.87,68.366,68.859,69.348,69.832,70.306,70.771,71.227,71.672,72.108
Urban population (% of total),SP.URB.TOTL.IN.ZS,Iceland,ISL,90.75,92.401,93.395,93.511,93.624,93.734,93.84,93.942,94.042,94.137,94.23,94.319
Urban population (% of total),SP.URB.TOTL.IN.ZS,India,IND,25.547,27.667,30.246,30.587,30.93,31.276,31.631,31.994,32.366,32.747,33.136,33.535
Urban population (% of total),SP.URB.TOTL.IN.ZS,Indonesia,IDN,30.584,42.002,48.327,49.124,49.924,50.712,51.488,52.252,53.003,53.742,54.466,55.177
Urban population (% of total),SP.URB.TOTL.IN.ZS,"Iran, Islamic Rep.",IRN,56.33,64.042,69.458,70.045,70.626,71.2,71.769,72.32,72.855,73.375,73.879,74.368
Urban population (% of total),SP.URB.TOTL.IN.ZS,Iraq,IRQ,69.706,68.496,68.927,68.98,69.034,69.098,69.175,69.262,69.361,69.471,69.592,69.723
Urban population (% of total),SP.URB.TOTL.IN.ZS,Ireland,IRL,56.906,59.146,61.298,61.569,61.84,62.111,62.386,62.667,62.952,63.241,63.535,63.834
Urban population (% of total),SP.URB.TOTL.IN.ZS,Isle of Man,IMN,51.746,51.823,51.958,51.976,51.994,52.012,52.042,52.084,52.138,52.203,52.281,52.371
Urban population (% of total),SP.URB.TOTL.IN.ZS,Israel,ISR,90.359,91.203,91.702,91.763,91.824,91.886,91.949,92.012,92.076,92.14,92.205,92.27
Urban population (% of total),SP.URB.TOTL.IN.ZS,Italy,ITA,66.726,67.222,68.092,68.209,68.327,68.444,68.56,68.686,68.821,68.964,69.116,69.277
Urban population (% of total),SP.URB.TOTL.IN.ZS,Jamaica,JAM,49.444,51.814,53.371,53.557,53.743,53.93,54.127,54.336,54.556,54.788,55.03,55.283
Urban population (% of total),SP.URB.TOTL.IN.ZS,Japan,JPN,77.339,78.649,88.909,89.743,90.522,91.248,91.902,92.491,93.021,93.498,93.928,94.316
Urban population (% of total),SP.URB.TOTL.IN.ZS,Jordan,JOR,73.291,79.808,81.964,82.22,82.473,82.724,82.97,83.211,83.447,83.679,83.905,84.127
Urban population (% of total),SP.URB.TOTL.IN.ZS,Kazakhstan,KAZ,56.266,55.729,54.111,53.908,53.732,53.581,53.458,53.361,53.29,53.247,53.229,53.239
Urban population (% of total),SP.URB.TOTL.IN.ZS,Kenya,KEN,16.748,19.892,22.8,23.183,23.571,23.967,24.37,24.78,25.197,25.622,26.055,26.494
Urban population (% of total),SP.URB.TOTL.IN.ZS,Kiribati,KIR,34.987,42.958,43.647,43.704,43.773,43.855,43.948,44.055,44.173,44.304,44.447,44.603
Urban population (% of total),SP.URB.TOTL.IN.ZS,"Korea, Dem. People’s Rep.",PRK,58.384,59.412,60.04,60.118,60.21,60.316,60.436,60.569,60.715,60.875,61.048,61.235
Urban population (% of total),SP.URB.TOTL.IN.ZS,"Korea, Rep.",KOR,73.844,79.621,81.733,81.835,81.936,82.037,82.141,82.249,82.36,82.474,82.592,82.712
Urban population (% of total),SP.URB.TOTL.IN.ZS,Kosovo,XKX,..,..,..,..,..,..,..,..,..,..,..,..
Urban population (% of total),SP.URB.TOTL.IN.ZS,Kuwait,KWT,97.974,98.113,98.232,98.248,98.263,98.279,98.294,98.31,98.326,98.342,98.358,98.374
Urban population (% of total),SP.URB.TOTL.IN.ZS,Kyrgyz Republic,KGZ,37.777,35.298,35.285,35.284,35.303,35.342,35.403,35.483,35.585,35.707,35.85,36.014
Urban population (% of total),SP.URB.TOTL.IN.ZS,Lao PDR,LAO,15.437,21.977,30.839,31.985,33.123,34.252,35.368,36.469,37.551,38.614,39.654,40.669
Urban population (% of total),SP.URB.TOTL.IN.ZS,Latvia,LVA,69.25,68.067,67.834,67.764,67.692,67.62,67.548,67.476,67.421,67.382,67.361,67.357
Urban population (% of total),SP.URB.TOTL.IN.ZS,Lebanon,LBN,83.12,86,86.942,87.062,87.183,87.304,87.426,87.548,87.67,87.792,87.914,88.037
Urban population (% of total),SP.URB.TOTL.IN.ZS,Lesotho,LSO,13.967,19.548,23.774,24.259,24.753,25.253,25.76,26.271,26.789,27.312,27.84,28.372
Urban population (% of total),SP.URB.TOTL.IN.ZS,Liberia,LBR,55.422,44.331,47.088,47.441,47.801,48.168,48.541,48.921,49.308,49.701,50.1,50.505
Urban population (% of total),SP.URB.TOTL.IN.ZS,Libya,LBY,75.723,76.346,77.324,77.479,77.642,77.812,77.988,78.17,78.359,78.554,78.754,78.961
Urban population (% of total),SP.URB.TOTL.IN.ZS,Liechtenstein,LIE,16.928,15.13,14.574,14.519,14.464,14.41,14.365,14.33,14.305,14.289,14.283,14.286
Urban population (% of total),SP.URB.TOTL.IN.ZS,Lithuania,LTU,67.583,66.986,66.848,66.842,66.757,66.672,66.604,66.554,66.522,66.508,66.512,66.533
Urban population (% of total),SP.URB.TOTL.IN.ZS,Luxembourg,LUX,80.947,84.216,87.8,88.178,88.547,88.906,89.247,89.568,89.872,90.16,90.432,90.689
Urban population (% of total),SP.URB.TOTL.IN.ZS,"Macao SAR, China",MAC,99.763,100,100,100,100,100,100,100,100,100,100,100
Urban population (% of total),SP.URB.TOTL.IN.ZS,"Macedonia, FYR",MKD,57.789,58.548,57.129,57.047,56.992,56.962,56.959,56.981,57.029,57.104,57.204,57.329
Urban population (% of total),SP.URB.TOTL.IN.ZS,Madagascar,MDG,23.566,27.121,30.67,31.298,31.929,32.562,33.196,33.832,34.468,35.105,35.741,36.376
Urban population (% of total),SP.URB.TOTL.IN.ZS,Malawi,MWI,11.56,14.61,15.326,15.427,15.54,15.663,15.798,15.944,16.102,16.272,16.454,16.648
Urban population (% of total),SP.URB.TOTL.IN.ZS,Malaysia,MYS,49.794,61.977,69.225,70.075,70.912,71.735,72.526,73.284,74.01,74.705,75.37,76.006
Urban population (% of total),SP.URB.TOTL.IN.ZS,Maldives,MDV,25.84,27.706,37.553,38.781,39.984,41.159,42.303,43.416,44.494,45.536,46.54,47.505
Urban population (% of total),SP.URB.TOTL.IN.ZS,Mali,MLI,23.322,28.356,34.403,35.2,35.996,36.789,37.579,38.363,39.143,39.916,40.683,41.441
Urban population (% of total),SP.URB.TOTL.IN.ZS,Malta,MLT,90.381,92.368,94.295,94.486,94.665,94.833,94.991,95.139,95.277,95.407,95.529,95.644
Urban population (% of total),SP.URB.TOTL.IN.ZS,Marshall Islands,MHL,65.054,68.358,70.778,71.062,71.343,71.619,71.891,72.159,72.424,72.684,72.94,73.192
Urban population (% of total),SP.URB.TOTL.IN.ZS,Mauritania,MRT,41.325,49.244,55.303,56,56.682,57.348,58,58.636,59.255,59.859,60.446,61.017
Urban population (% of total),SP.URB.TOTL.IN.ZS,Mauritius,MUS,43.9,42.67,40.995,40.787,40.579,40.372,40.164,39.979,39.814,39.671,39.548,39.447
Urban population (% of total),SP.URB.TOTL.IN.ZS,Mexico,MEX,71.419,74.722,77.227,77.527,77.825,78.118,78.407,78.691,78.971,79.246,79.517,79.784
Urban population (% of total),SP.URB.TOTL.IN.ZS,"Micronesia, Fed. Sts.",FSM,25.818,22.33,22.311,22.305,22.298,22.303,22.317,22.342,22.378,22.424,22.481,22.548
Urban population (% of total),SP.URB.TOTL.IN.ZS,Moldova,MDA,46.762,45.803,45.011,44.936,44.886,44.859,44.857,44.879,44.925,44.995,45.089,45.208
Urban population (% of total),SP.URB.TOTL.IN.ZS,Monaco,MCO,100,100,100,100,100,100,100,100,100,100,100,100
Urban population (% of total),SP.URB.TOTL.IN.ZS,Mongolia,MNG,57.033,57.133,65.581,66.58,67.567,68.538,69.472,70.366,71.222,72.04,72.823,73.57
Urban population (% of total),SP.URB.TOTL.IN.ZS,Montenegro,MNE,48.037,58.544,62.739,62.918,63.096,63.274,63.457,63.643,63.832,64.026,64.223,64.424
Urban population (% of total),SP.URB.TOTL.IN.ZS,Morocco,MAR,48.391,53.335,56.665,57.175,57.684,58.191,58.697,59.2,59.699,60.195,60.685,61.172
Urban population (% of total),SP.URB.TOTL.IN.ZS,Mozambique,MOZ,25,29.098,30.548,30.745,30.955,31.179,31.417,31.669,31.934,32.214,32.508,32.816
Urban population (% of total),SP.URB.TOTL.IN.ZS,Myanmar,MMR,24.57,26.968,30.363,30.881,31.405,31.935,32.469,33.007,33.551,34.098,34.65,35.206
Urban population (% of total),SP.URB.TOTL.IN.ZS,Namibia,NAM,27.656,32.373,39.597,40.601,41.616,42.637,43.666,44.679,45.678,46.66,47.625,48.571
Urban population (% of total),SP.URB.TOTL.IN.ZS,Nauru,NRU,100,100,100,100,100,100,100,100,100,100,100,100
Urban population (% of total),SP.URB.TOTL.IN.ZS,Nepal,NPL,8.854,13.431,16.15,16.483,16.822,17.166,17.518,17.877,18.243,18.615,18.995,19.383
Urban population (% of total),SP.URB.TOTL.IN.ZS,Netherlands,NLD,68.684,76.795,85.402,86.242,87.061,87.837,88.575,89.271,89.91,90.496,91.032,91.524
Urban population (% of total),SP.URB.TOTL.IN.ZS,New Caledonia,NCL,59.537,61.78,65.969,66.624,67.273,67.901,68.509,69.096,69.663,70.21,70.738,71.246
Urban population (% of total),SP.URB.TOTL.IN.ZS,New Zealand,NZL,84.742,85.677,86.13,86.148,86.165,86.183,86.2,86.223,86.251,86.284,86.322,86.365
Urban population (% of total),SP.URB.TOTL.IN.ZS,Nicaragua,NIC,52.337,54.737,56.701,56.974,57.255,57.544,57.841,58.146,58.459,58.779,59.107,59.441
Urban population (% of total),SP.URB.TOTL.IN.ZS,Niger,NER,15.368,16.186,17.185,17.366,17.559,17.766,17.986,18.22,18.469,18.732,19.01,19.303
Urban population (% of total),SP.URB.TOTL.IN.ZS,Nigeria,NGA,29.68,34.84,41.702,42.588,43.48,44.362,45.234,46.094,46.942,47.776,48.597,49.403
Urban population (% of total),SP.URB.TOTL.IN.ZS,Northern Mariana Islands,MNP,89.731,90.116,89.605,89.539,89.474,89.414,89.36,89.313,89.272,89.237,89.209,89.187
Urban population (% of total),SP.URB.TOTL.IN.ZS,Norway,NOR,71.956,76.081,78.526,78.815,79.102,79.385,79.665,79.939,80.208,80.473,80.734,80.99
Urban population (% of total),SP.URB.TOTL.IN.ZS,Oman,OMN,66.102,71.569,74.08,74.624,75.161,75.691,76.204,76.699,77.178,77.641,78.088,78.519
Urban population (% of total),SP.URB.TOTL.IN.ZS,Pakistan,PAK,30.576,33.155,35.816,36.201,36.598,37.007,37.428,37.86,38.303,38.758,39.224,39.7
Urban population (% of total),SP.URB.TOTL.IN.ZS,Palau,PLW,69.593,69.963,81.367,82.404,83.358,84.234,85.039,85.776,86.452,87.071,87.636,88.151
Urban population (% of total),SP.URB.TOTL.IN.ZS,Panama,PAN,53.903,62.198,64.54,64.828,65.115,65.405,65.698,65.994,66.292,66.592,66.895,67.2
Urban population (% of total),SP.URB.TOTL.IN.ZS,Papua New Guinea,PNG,14.994,13.204,13.055,13.037,13.019,13,12.982,12.977,12.985,13.005,13.039,13.085
Urban population (% of total),SP.URB.TOTL.IN.ZS,Paraguay,PRY,48.694,55.331,58.034,58.26,58.487,58.714,58.94,59.174,59.416,59.666,59.924,60.19
Urban population (% of total),SP.URB.TOTL.IN.ZS,Peru,PER,68.901,73.042,76.182,76.552,76.915,77.269,77.616,77.954,78.285,78.609,78.924,79.233
Urban population (% of total),SP.URB.TOTL.IN.ZS,Philippines,PHL,48.59,47.955,45.793,45.524,45.255,45.017,44.81,44.633,44.488,44.373,44.289,44.235
Urban population (% of total),SP.URB.TOTL.IN.ZS,Poland,POL,61.27,61.716,61.116,61.004,60.892,60.78,60.688,60.617,60.568,60.539,60.531,60.545
Urban population (% of total),SP.URB.TOTL.IN.ZS,Portugal,PRT,47.915,54.399,59.359,59.964,60.567,61.167,61.758,62.338,62.908,63.468,64.017,64.556
Urban population (% of total),SP.URB.TOTL.IN.ZS,Puerto Rico,PRI,92.942,94.387,93.942,93.884,93.825,93.771,93.722,93.676,93.636,93.6,93.569,93.543
Urban population (% of total),SP.URB.TOTL.IN.ZS,Qatar,QAT,92.786,96.311,98.261,98.47,98.655,98.812,98.946,99.061,99.159,99.244,99.317,99.381
Urban population (% of total),SP.URB.TOTL.IN.ZS,Romania,ROU,53.217,53.004,53.567,53.698,53.829,53.96,54.091,54.235,54.393,54.564,54.749,54.947
Urban population (% of total),SP.URB.TOTL.IN.ZS,Russian Federation,RUS,73.394,73.35,73.598,73.642,73.687,73.732,73.786,73.851,73.924,74.008,74.101,74.203
Urban population (% of total),SP.URB.TOTL.IN.ZS,Rwanda,RWA,5.416,14.926,22.033,22.988,23.952,24.922,25.894,26.869,27.841,28.811,29.775,30.731
Urban population (% of total),SP.URB.TOTL.IN.ZS,Samoa,WSM,21.2,21.977,20.524,20.3,20.078,19.857,19.639,19.44,19.26,19.098,18.955,18.83
Urban population (% of total),SP.URB.TOTL.IN.ZS,San Marino,SMR,90.4,93.44,94.056,94.07,94.086,94.104,94.123,94.144,94.166,94.19,94.216,94.244
Urban population (% of total),SP.URB.TOTL.IN.ZS,Sao Tome and Principe,STP,43.648,53.424,60.434,61.185,61.907,62.6,63.265,63.902,64.511,65.092,65.647,66.174
Urban population (% of total),SP.URB.TOTL.IN.ZS,Saudi Arabia,SAU,76.583,79.848,81.649,81.867,82.084,82.298,82.51,82.719,82.926,83.13,83.331,83.53
Urban population (% of total),SP.URB.TOTL.IN.ZS,Senegal,SEN,38.9,40.345,41.74,41.977,42.23,42.497,42.781,43.079,43.393,43.721,44.065,44.424
Urban population (% of total),SP.URB.TOTL.IN.ZS,Serbia,SRB,50.393,53.188,55.11,55.159,55.208,55.258,55.307,55.373,55.455,55.553,55.668,55.799
Urban population (% of total),SP.URB.TOTL.IN.ZS,Seychelles,SYC,49.258,50.12,51.775,52.041,52.319,52.611,52.915,53.231,53.559,53.887,54.214,54.541
Urban population (% of total),SP.URB.TOTL.IN.ZS,Sierra Leone,SLE,33.252,35.626,37.645,37.937,38.241,38.557,38.885,39.226,39.578,39.942,40.318,40.707
Urban population (% of total),SP.URB.TOTL.IN.ZS,Singapore,SGP,100,100,100,100,100,100,100,100,100,100,100,100
Urban population (% of total),SP.URB.TOTL.IN.ZS,Sint Maarten (Dutch part),SXM,100,100,100,100,100,100,100,100,100,100,100,100
Urban population (% of total),SP.URB.TOTL.IN.ZS,Slovak Republic,SVK,56.491,56.233,55.111,54.96,54.685,54.41,54.163,53.945,53.757,53.598,53.468,53.368
Urban population (% of total),SP.URB.TOTL.IN.ZS,Slovenia,SVN,50.38,50.752,50.224,50.133,50.04,49.948,49.856,49.764,49.695,49.65,49.627,49.628
Urban population (% of total),SP.URB.TOTL.IN.ZS,Solomon Islands,SLB,13.677,15.813,19.138,19.589,20.048,20.506,20.964,21.421,21.876,22.329,22.779,23.226
Urban population (% of total),SP.URB.TOTL.IN.ZS,Somalia,SOM,29.658,33.247,36.394,36.823,37.259,37.702,38.153,38.612,39.078,39.551,40.03,40.517
Urban population (% of total),SP.URB.TOTL.IN.ZS,South Africa,ZAF,52.037,56.891,61.154,61.687,62.218,62.746,63.272,63.788,64.298,64.801,65.295,65.782
Urban population (% of total),SP.URB.TOTL.IN.ZS,South Sudan,SSD,13.276,16.504,17.555,17.699,17.855,18.022,18.2,18.39,18.591,18.804,19.03,19.268
Urban population (% of total),SP.URB.TOTL.IN.ZS,Spain,ESP,75.351,76.262,77.976,78.21,78.442,78.673,78.902,79.129,79.355,79.579,79.802,80.024
Urban population (% of total),SP.URB.TOTL.IN.ZS,Sri Lanka,LKA,18.566,18.443,18.345,18.333,18.321,18.309,18.297,18.3,18.32,18.356,18.407,18.475
Urban population (% of total),SP.URB.TOTL.IN.ZS,St. Kitts and Nevis,KNA,34.609,32.778,31.845,31.816,31.806,31.815,31.844,31.892,31.96,32.047,32.153,32.279
Urban population (% of total),SP.URB.TOTL.IN.ZS,St. Lucia,LCA,29.349,27.774,20.131,19.213,18.45,18.45,18.45,18.459,18.477,18.504,18.54,18.586
Urban population (% of total),SP.URB.TOTL.IN.ZS,St. Martin (French part),MAF,..,..,..,..,..,..,..,..,..,..,..,..
Urban population (% of total),SP.URB.TOTL.IN.ZS,St. Vincent and the Grenadines,VCT,41.409,45.186,48.071,48.428,48.785,49.14,49.495,49.848,50.2,50.55,50.899,51.247
Urban population (% of total),SP.URB.TOTL.IN.ZS,Sudan,SDN,28.61,32.495,32.919,32.99,33.08,33.188,33.315,33.46,33.623,33.806,34.007,34.227
Urban population (% of total),SP.URB.TOTL.IN.ZS,Suriname,SUR,65.706,66.444,66.479,66.412,66.344,66.276,66.208,66.14,66.085,66.043,66.015,66
Urban population (% of total),SP.URB.TOTL.IN.ZS,Swaziland,SWZ,22.908,22.686,21.67,21.574,21.492,21.425,21.374,21.337,21.315,21.308,21.315,21.337
Urban population (% of total),SP.URB.TOTL.IN.ZS,Sweden,SWE,83.1,84.026,84.746,84.902,85.056,85.21,85.363,85.514,85.665,85.815,85.964,86.112
Urban population (% of total),SP.URB.TOTL.IN.ZS,Switzerland,CHE,73.184,73.322,73.588,73.625,73.663,73.701,73.739,73.787,73.844,73.912,73.99,74.077
Urban population (% of total),SP.URB.TOTL.IN.ZS,Syrian Arab Republic,SYR,48.931,51.947,54.908,55.29,55.677,56.066,56.459,56.855,57.255,57.656,58.061,58.467
Urban population (% of total),SP.URB.TOTL.IN.ZS,Tajikistan,TJK,31.658,26.486,26.483,26.5,26.516,26.533,26.568,26.621,26.692,26.782,26.891,27.018
Urban population (% of total),SP.URB.TOTL.IN.ZS,Tanzania,TZA,18.884,22.309,26.776,27.439,28.114,28.798,29.493,30.196,30.901,31.608,32.316,33.023
Urban population (% of total),SP.URB.TOTL.IN.ZS,Thailand,THA,29.424,31.391,41.419,42.744,44.08,45.394,46.682,47.943,49.174,50.374,51.54,52.671
Urban population (% of total),SP.URB.TOTL.IN.ZS,Timor-Leste,TLS,20.842,24.263,28.203,28.85,29.507,30.171,30.832,31.485,32.131,32.77,33.401,34.022
Urban population (% of total),SP.URB.TOTL.IN.ZS,Togo,TGO,28.589,32.907,36.587,37.058,37.533,38.01,38.493,38.979,39.469,39.964,40.463,40.965
Urban population (% of total),SP.URB.TOTL.IN.ZS,Tonga,TON,22.704,23.012,23.281,23.335,23.389,23.443,23.498,23.56,23.632,23.712,23.801,23.898
Urban population (% of total),SP.URB.TOTL.IN.ZS,Trinidad and Tobago,TTO,8.534,10.777,9.408,9.249,9.092,8.937,8.795,8.666,8.55,8.445,8.352,8.27
Urban population (% of total),SP.URB.TOTL.IN.ZS,Tunisia,TUN,57.946,63.432,65.601,65.767,65.934,66.1,66.274,66.456,66.645,66.842,67.047,67.259
Urban population (% of total),SP.URB.TOTL.IN.ZS,Turkey,TUR,59.203,64.741,69.562,70.141,70.715,71.282,71.834,72.37,72.891,73.397,73.887,74.363
Urban population (% of total),SP.URB.TOTL.IN.ZS,Turkmenistan,TKM,45.075,45.913,47.826,48.109,48.402,48.707,49.023,49.35,49.688,50.037,50.396,50.766
Urban population (% of total),SP.URB.TOTL.IN.ZS,Turks and Caicos Islands,TCA,74.343,84.55,89.294,89.77,90.228,90.668,91.09,91.482,91.847,92.186,92.502,92.795
Urban population (% of total),SP.URB.TOTL.IN.ZS,Tuvalu,TUV,40.661,46.018,52.765,53.782,54.796,55.807,56.815,57.814,58.782,59.717,60.62,61.489
Urban population (% of total),SP.URB.TOTL.IN.ZS,Uganda,UGA,11.076,12.082,13.892,14.189,14.492,14.8,15.115,15.437,15.766,16.101,16.444,16.794
Urban population (% of total),SP.URB.TOTL.IN.ZS,Ukraine,UKR,66.757,67.145,68.325,68.502,68.686,68.876,69.072,69.274,69.482,69.695,69.915,70.14
Urban population (% of total),SP.URB.TOTL.IN.ZS,United Arab Emirates,ARE,79.051,80.236,83.377,83.723,84.055,84.375,84.684,84.981,85.266,85.541,85.804,86.058
Urban population (% of total),SP.URB.TOTL.IN.ZS,United Kingdom,GBR,78.14,78.651,80.757,81.031,81.302,81.57,81.834,82.092,82.345,82.592,82.835,83.073
Urban population (% of total),SP.URB.TOTL.IN.ZS,United States,USA,75.3,79.057,80.438,80.606,80.772,80.94,81.108,81.277,81.447,81.617,81.788,81.96
Urban population (% of total),SP.URB.TOTL.IN.ZS,Uruguay,URY,88.973,92.028,93.998,94.209,94.414,94.612,94.803,94.983,95.152,95.311,95.46,95.601
Urban population (% of total),SP.URB.TOTL.IN.ZS,Uzbekistan,UZB,40.172,37.429,36.305,36.235,36.191,36.173,36.182,36.217,36.278,36.365,36.479,36.62
Urban population (% of total),SP.URB.TOTL.IN.ZS,Vanuatu,VUT,18.715,21.673,23.985,24.286,24.589,24.894,25.2,25.508,25.817,26.128,26.441,26.754
Urban population (% of total),SP.URB.TOTL.IN.ZS,"Venezuela, RB",VEN,84.284,87.98,88.687,88.728,88.769,88.81,88.851,88.894,88.941,88.99,89.043,89.098
Urban population (% of total),SP.URB.TOTL.IN.ZS,Vietnam,VNM,20.255,24.374,29.128,29.758,30.392,31.029,31.668,32.309,32.951,33.593,34.236,34.879
Urban population (% of total),SP.URB.TOTL.IN.ZS,Virgin Islands (U.S.),VIR,87.685,92.586,94.239,94.419,94.594,94.76,94.916,95.064,95.203,95.335,95.459,95.576
Urban population (% of total),SP.URB.TOTL.IN.ZS,West Bank and Gaza,PSE,67.709,71.969,73.704,73.919,74.136,74.356,74.577,74.8,75.026,75.252,75.481,75.71
Urban population (% of total),SP.URB.TOTL.IN.ZS,"Yemen, Rep.",YEM,20.931,26.267,30.602,31.165,31.732,32.302,32.874,33.45,34.027,34.606,35.187,35.769
Urban population (% of total),SP.URB.TOTL.IN.ZS,Zambia,ZMB,39.407,34.802,37.875,38.299,38.725,39.153,39.587,40.027,40.472,40.922,41.379,41.84
Urban population (% of total),SP.URB.TOTL.IN.ZS,Zimbabwe,ZWE,28.988,33.758,33.56,33.378,33.196,33.015,32.834,32.654,32.501,32.376,32.277,32.207
Urban population (% of total),SP.URB.TOTL.IN.ZS,Arab World,ARB,50.3180112158053,52.9684777726132,55.4811178609286,55.8432311117215,56.1954699178204,56.5365119367257,56.8713506931064,57.1962690096485,57.5087396340129,57.8082102147962,58.0939285510597,58.3680328466406
Urban population (% of total),SP.URB.TOTL.IN.ZS,Caribbean small states,CSS,39.3414545610197,41.5387294799279,41.9943321907701,42.0391929312545,42.0831352087657,42.1435055878328,42.2086540854711,42.2815612740361,42.3650909637302,42.4614672623591,42.570496572204,42.6921528749389
Urban population (% of total),SP.URB.TOTL.IN.ZS,Central Europe and the Baltics,CEB,61.5209944816578,61.5674392641272,61.9649929353808,62.0201597057641,62.0594168332659,62.0995170410789,62.1418473493389,62.1976403975883,62.2692829094589,62.3570294172686,62.4577645987411,62.5721897474242
Urban population (% of total),SP.URB.TOTL.IN.ZS,Early-demographic dividend,EAR,34.9994795054139,38.3796638632066,41.3180667103806,41.7146797006733,42.1131341028294,42.5143595167584,42.9214549311964,43.3315277216053,43.7447900966392,44.1605219613988,44.5776837119196,44.9973419037241
Urban population (% of total),SP.URB.TOTL.IN.ZS,East Asia & Pacific,EAS,33.6385607519368,41.2106441266562,49.7223186652423,50.7586341784863,51.7912268519931,52.8144746192279,53.8120095987798,54.7777181338293,55.7155885144501,56.6249043366054,57.5041401651261,58.3534285975701
Urban population (% of total),SP.URB.TOTL.IN.ZS,East Asia & Pacific (excluding high income),EAP,28.1513439323115,36.6456826854202,45.486380682566,46.5910836307389,47.696830996186,48.7991697814389,49.8760223638295,50.9235311023247,51.9422091144275,52.9316365953166,53.8911090642845,54.8214763713293
Urban population (% of total),SP.URB.TOTL.IN.ZS,East Asia & Pacific (IDA & IBRD countries),TEA,27.7629014962733,36.3532327509543,45.3004594516197,46.4186122387379,47.5375768563452,48.6528508588324,49.7420969543883,50.8014204894505,51.8313509097611,52.8314454251105,53.8010236540445,54.7409201764586
Urban population (% of total),SP.URB.TOTL.IN.ZS,Euro area,EMU,71.2913480147849,72.5956940976463,74.3503788912731,74.5846540549346,74.8171815167647,75.0546425118577,75.2791097828088,75.4888556587651,75.6981639547593,75.9205580609587,76.144390312998,76.369110052051
Urban population (% of total),SP.URB.TOTL.IN.ZS,Europe & Central Asia,ECS,67.6001481106748,68.3366714159117,69.6773022805026,69.8462616997624,70.0077395305863,70.1652208652832,70.3390712997884,70.5117950754225,70.6877198674814,70.8713612188255,71.0589652967843,71.2498799847043
Urban population (% of total),SP.URB.TOTL.IN.ZS,Europe & Central Asia (excluding high income),ECA,62.964599791124,63.2790573190414,64.1377846091944,64.2524615342665,64.3568653716036,64.4687742688556,64.6140069045166,64.7657076282636,64.9205005263319,65.0809143921571,65.2470715288549,65.4194212657551
Urban population (% of total),SP.URB.TOTL.IN.ZS,Europe & Central Asia (IDA & IBRD countries),TEC,62.7131158563687,63.0626452871012,63.801527640796,63.8989616566543,63.9885965506869,64.0863495457956,64.2145474462883,64.3510431207308,64.492603246648,64.6415036646025,64.7973842505149,64.9607596030302
Urban population (% of total),SP.URB.TOTL.IN.ZS,European Union,EUU,70.4968759206433,71.5627720065072,73.2641511489632,73.4897103175479,73.7147584686332,73.9394491105332,74.1554643070741,74.3639008110953,74.5754154472252,74.7988993650658,75.0252393575837,75.2530122423432
Urban population (% of total),SP.URB.TOTL.IN.ZS,Fragile and conflict affected situations,FCS,32.3308693039679,35.5298785046309,38.2923546438027,38.6641868944889,39.0371647780093,39.4116498913912,39.7877239539,40.1652691505824,40.5458211491848,40.9298946164028,41.3173898282322,41.7085534203829
Urban population (% of total),SP.URB.TOTL.IN.ZS,Heavily indebted poor countries (HIPC),HPC,25.2715357487164,28.5268297085595,31.4898092775215,31.9239553372939,32.3625040905948,32.8042804534722,33.2500311463996,33.6992419915767,34.1526997061606,34.6108021542053,35.0732544380362,35.5394397051646
Urban population (% of total),SP.URB.TOTL.IN.ZS,High income,HIC,74.803105549841,77.1375413514641,79.7400518342477,80.0123449988317,80.2777105629257,80.5417534701135,80.7856532404646,81.0143770995253,81.2360915211178,81.4557905781626,81.6699159641988,81.878900219584
Urban population (% of total),SP.URB.TOTL.IN.ZS,IBRD only,IBD,38.3942689693258,43.5239946867829,48.6259350927436,49.2700952825768,49.9165896474511,50.5646431798545,51.2066645273042,51.8381178477763,52.4572979628479,53.0636421456114,53.655597066547,54.2348465812003
Urban population (% of total),SP.URB.TOTL.IN.ZS,IDA & IBRD total,IBT,35.8975648114899,40.3680140462246,44.8462326830334,45.4186410438676,45.9915554022349,46.5645828265664,47.1329226118143,47.6925461319204,48.2428664202169,48.7838685774007,49.31480091614,49.8365808907406
Urban population (% of total),SP.URB.TOTL.IN.ZS,IDA blend,IDB,30.5311172066757,33.6251171973224,37.4435245927098,37.9645264219434,38.4943505462768,39.0286255269303,39.5693191205684,40.1134820488677,40.6619001979489,41.2144030427322,41.7711578271652,42.330958102056
Urban population (% of total),SP.URB.TOTL.IN.ZS,IDA only,IDX,23.0711126598483,26.3484615499566,29.7924153961347,30.2794405656688,30.7632450457894,31.2421703386307,31.7178024357296,32.1925993063222,32.6718571185525,33.158458053126,33.6525188312191,34.1527621216271
Urban population (% of total),SP.URB.TOTL.IN.ZS,IDA total,IDA,25.5826693045164,28.7705270378395,32.3163400939205,32.8149107145476,33.3159894149315,33.8156623935817,34.31432883454,34.8138141393774,35.3176620987723,35.8274307207168,36.3431413896771,36.8635035421287
Urban population (% of total),SP.URB.TOTL.IN.ZS,Late-demographic dividend,LTE,38.7296970584736,45.5420360173111,53.2369620568191,54.2169419216386,55.1974662626443,56.1753372773667,57.1307995914365,58.0591801044392,58.9598862296799,59.8330902786422,60.6762870542048,61.4915722974199
Urban population (% of total),SP.URB.TOTL.IN.ZS,Latin America & Caribbean,LCN,70.4350511493539,75.2455013266622,77.828293551368,78.128525459713,78.4251772166068,78.7173223923024,79.0026787210318,79.2816395682566,79.5542559578321,79.8204283969307,80.080376213106,80.3346357992486
Urban population (% of total),SP.URB.TOTL.IN.ZS,Latin America & Caribbean (excluding high income),LAC,68.5676274312547,73.7765793968553,76.5578677382141,76.8812571390012,77.2005562381689,77.5154707587082,77.8227698109621,78.1228231205557,78.4163148304979,78.7027303020394,78.9823541104425,79.2557471779695
Urban population (% of total),SP.URB.TOTL.IN.ZS,Latin America & the Caribbean (IDA & IBRD countries),TLA,70.1884657557541,75.1132686809739,77.7662123934768,78.0749369669478,78.3797487997004,78.6803415038249,78.9737037150945,79.2601847350122,79.5401839277076,79.8132647235095,80.0796907320514,80.3399765883644
Urban population (% of total),SP.URB.TOTL.IN.ZS,Least developed countries: UN classification,LDC,21.0881105338409,24.4579314727608,27.9745528024043,28.4728729174617,28.9777111541556,29.4878765872464,30.00207208136,30.5189971309985,31.0393576357207,31.5627601312971,32.0890514988359,32.6177081668367
Urban population (% of total),SP.URB.TOTL.IN.ZS,Low & middle income,LMY,35.282657897245,39.8349224847044,44.3808642896182,44.9613797865078,45.5427978727048,46.1242869384136,46.7007383152037,47.268313108651,47.8263699878477,48.3748961520727,48.913095580787,49.4419162812826
Urban population (% of total),SP.URB.TOTL.IN.ZS,Low income,LIC,23.62418757584,26.4029817967124,28.9637038192844,29.3435098543615,29.7172230800928,30.0830157140934,30.4453486816368,30.8093024496479,31.1831010991499,31.571752934116,31.9756492971488,32.3929077121154
Urban population (% of total),SP.URB.TOTL.IN.ZS,Lower middle income,LMC,29.6858578089745,32.7364452780435,35.8197956080993,36.2412245523012,36.6692406083482,37.1027876917108,37.5449239338198,37.993244199696,38.4465285217347,38.90683824373,39.371451100409,39.8414649372384
Urban population (% of total),SP.URB.TOTL.IN.ZS,Middle East & North Africa,MEA,54.8357875833439,58.4784114245074,61.6050136563834,62.001434743537,62.3865101105782,62.763205654157,63.1357959663575,63.4984312880764,63.8487716399758,64.1856183338353,64.5078759707693,64.8173293739645
Urban population (% of total),SP.URB.TOTL.IN.ZS,Middle East & North Africa (excluding high income),MNA,51.6597897529581,55.329734301472,58.1560449326535,58.479811213545,58.8087325288052,59.1440413370065,59.4885458354903,59.8335730070939,60.1729634633816,60.5030580713085,60.82287904457,61.1346755665389
Urban population (% of total),SP.URB.TOTL.IN.ZS,Middle East & North Africa (IDA & IBRD countries),TMN,51.5192597642909,55.1548541389726,57.9812555609788,58.3043613267081,58.6326656764569,58.9672463595909,59.3111182781183,59.6555197263579,59.9941740806461,60.3233967760809,60.6421550996057,60.9526951558339
Urban population (% of total),SP.URB.TOTL.IN.ZS,Middle income,MIC,36.3372885101309,41.2127286760051,46.1691182934059,46.8011818319143,47.4352857673553,48.0706002393855,48.7010334332433,49.3218864699555,49.9319354791222,50.5308411984647,51.1174912577988,51.6931311239458
Urban population (% of total),SP.URB.TOTL.IN.ZS,North America,NAC,75.4336828110101,79.1025248815262,80.455579106519,80.6247522170395,80.7919851433693,80.9609233993943,81.1299404404361,81.2999668026384,81.4707765453561,81.6415419619588,81.8132843112675,81.9858390254406
Urban population (% of total),SP.URB.TOTL.IN.ZS,Not classified,INX,..,..,..,..,..,..,..,..,..,..,..,..
Urban population (% of total),SP.URB.TOTL.IN.ZS,OECD members,OED,73.2482816431391,75.6977730077804,78.4329869597259,78.7198212649675,78.9999005530519,79.2746158560268,79.5334040641393,79.7794476318705,80.0192205081264,80.2566374185154,80.4890460143886,80.7169142554633
Urban population (% of total),SP.URB.TOTL.IN.ZS,Other small states,OSS,45.4577271424327,49.7238628101645,54.5705481114862,55.30274347396,55.9623685303791,56.5479209104381,57.0725893192399,57.5525685554322,58.0059181324653,58.4431676400761,58.8632805954519,59.2622751932056
Urban population (% of total),SP.URB.TOTL.IN.ZS,Pacific island small states,PSS,31.4979687719841,34.5497030209509,36.0904919425668,36.3292003948121,36.5679861365542,36.799629038824,37.0326013623047,37.2739302452778,37.5302757559913,37.7790344304999,38.0306049374706,38.2853627113726
Urban population (% of total),SP.URB.TOTL.IN.ZS,Post-demographic dividend,PST,74.0905735326979,76.4121695442007,79.1712325102901,79.4568278413463,79.7344214458055,80.0138264132289,80.2722593482136,80.5142319304645,80.7503652075022,80.9836176365467,81.2115908641895,81.4346014758882
Urban population (% of total),SP.URB.TOTL.IN.ZS,Pre-demographic dividend,PRE,27.901553436299,31.3774936059256,34.9937007867996,35.4890320906042,35.9935441837678,36.5039086932573,37.0196118191258,37.5385514025688,38.0592309461384,38.5804589726223,39.1021976746501,39.6236089548351
Urban population (% of total),SP.URB.TOTL.IN.ZS,Small states,SST,43.0563475190556,46.8951913819258,50.8492545609003,51.4599753140995,52.0183686396358,52.5243679944512,52.9867292522836,53.4177255468778,53.8318021527169,54.2365102318236,54.6305210898864,55.0105484627508
Urban population (% of total),SP.URB.TOTL.IN.ZS,South Asia,SAS,25.0219101732218,27.3662422606929,30.210283542966,30.594595919882,30.9827079464228,31.3751869205031,31.7760492611749,32.1839268899823,32.6001045123532,33.0247216792939,33.4565180672863,33.8971802927225
Urban population (% of total),SP.URB.TOTL.IN.ZS,South Asia (IDA & IBRD),TSA,25.0219101732218,27.3662422606929,30.210283542966,30.594595919882,30.9827079464228,31.3751869205031,31.7760492611749,32.1839268899824,32.6001045123532,33.0247216792939,33.4565180672863,33.8971802927225
Urban population (% of total),SP.URB.TOTL.IN.ZS,Sub-Saharan Africa,SSF,27.1104973800283,30.8177914189063,34.278842543748,34.7603705999669,35.250893567049,35.7469469083782,36.2481733074783,36.7519175941458,37.2576194047973,37.7639256909237,38.2705142698913,38.7769810605676
Urban population (% of total),SP.URB.TOTL.IN.ZS,Sub-Saharan Africa (excluding high income),SSA,27.1074913584761,30.8154560758831,34.277011474964,34.7586038546566,35.2491475425211,35.7453119093723,36.2465855969205,36.7503616332707,37.2560980671483,37.7624281104615,38.2690531770616,38.7755570700369
Urban population (% of total),SP.URB.TOTL.IN.ZS,Sub-Saharan Africa (IDA & IBRD countries),TSS,27.1104973800283,30.8177914189063,34.278842543748,34.7603705999669,35.250893567049,35.7469469083782,36.2481733074783,36.7519175941458,37.2576194047972,37.7639256909237,38.2705142698913,38.7769810605676
Urban population (% of total),SP.URB.TOTL.IN.ZS,Upper middle income,UMC,42.5374843498203,49.7554830639629,57.3526185174268,58.3029952187147,59.2554009767211,60.2056079139649,61.1346155281019,62.0374253453463,62.912361798605,63.7587033604519,64.5739825916159,65.3601750113103
Urban population (% of total),SP.URB.TOTL.IN.ZS,World,WLD,42.9155869142217,46.5200224715284,50.4594665447601,50.9584792245425,51.4541270089041,51.9413986723717,52.4282371798697,52.9061303395412,53.3767155612166,53.8395454076517,54.2936663297204,54.7385495778061
,,,,,,,,,,,,,,,
,,,,,,,,,,,,,,,
,,,,,,,,,,,,,,,
Data from database: World Development Indicators,,,,,,,,,,,,,,,
Last Updated: 06/28/2018,,,,,,,,,,,,,,,
